"","ID","year","narrowness"
"J1_L_20100921BAT_SJ1-245 processed","J1",2010,3.47395662006249
"J11_L_20031103KCB_DG1-173 processed","J11",2003,3.13603719002553
"J14_L_20140902DKE_SJ1-429 processed","J14",2014,3.53004159379352
"J14_L_20150113MLM_JF7-009_Processed","J14",2015,3.26978964325718
"J14_L_20151201DAG_SJ1....JPG_Processed","J14",2015,3.36598674138056
"J16_L_20071015DKE_DG1....JPG_Processed","J16",2007,3.31684856997022
"J16_L_20090319NWF_DG7_078_Processed","J16",2009,4.28361176133688
"J16_L_20110503DKE_GI1-505_Processed","J16",2011,4.15849456342204
"J16_L_20110920DKE_SJ1-519_Processed","J16",2011,3.88934283372822
"J16_L_20120522EEH_SJ1-087_Processed","J16",2012,4.09019646135551
"J16_L_20150922EEH_SJ1-214_Processed","J16",2015,3.94106939773938
"J16_L_20160325MLM_JF7-020_Processed","J16",2016,3.98172307371527
"J16_L_20160414MLM_JF7-040_Processed","J16",2016,4.07532770221291
"J16_L_20170531DKE_SJ1-0174_Processed","J16",2017,3.69163230407661
"J16_L_20180615MNW_SJ1-320_Processed","J16",2018,4.21058799417745
"J17_L_20041115KCG_DG1-146_Processed","J17",2004,4.233638929645
"J17_L_20090621EEH_DG2-0085_Processed","J17",2009,3.90803666269135
"J17_L_20121023BAB_SJ1-441_Processed","J17",2012,3.92353034219084
"J17_L_20130910EEH_SJ1-052_Processed","J1",2013,3.84371945827488
"J17_L_20151024DKE_SJ1-0311_Processed","J17",2015,3.71390589962071
"J19_L_20150705DKE_SJ1-1423_Processed","J19",2015,4.11224662669109
"J19_L_20180321KCB_JF1-172.JPG_Processed","J19",2018,4.03375192625224
"J2_L_20061011KMJ_DG1_142_Processed","J2_",2006,3.13766744826138
"J2_L_20140531DKE_SJ1-0598_Processed","J2_",2014,3.47391355725185
"J2_L_20150723SAM_SJ1-1125_Processed","J2_",2015,3.65651452431882
"J22_L_20101102DLS_SJ1-0604_Processed","J22",2010,3.84094814176304
"J22_L_20110123DLS_SJ5-0249_Processed","J22",2011,3.48115952698476
"J22_L_20151216DKE_SJ1-584_Processed","J22",2015,3.59949890588484
"J22_L_20160118MBH_PS7-416_Processed","J22",2016,3.74377751504157
"J22_L_20160925DKE_GI1-0687_Processed","J22",2016,3.3295236635086
"J22_L_20180202DKE_SJ1-741_Processed","J22",2018,3.75525374077906
"J22_L_20180903DKE_SJ1-112_Processed","J22",2018,3.74596260484844
"J26_L_20080408DKE_DG1-077_Processed","J26",2008,3.76868462311956
"J26_L_20080918DKE_DG1-139_Processed","J26",2008,3.895264152611
"J26_L_20110515DKE_GI1-232_Processed","J26",2011,3.64874950416216
"J27_L_20080730CES_DG1_031_Processed","J27",2008,3.53734373436238
"J27_L_20080730KCG_DG1-038_Processed","J27",2008,3.49457396069177
"J27_L_20130903DKE_SJ1-521_Processed","J27",2013,2.94069942633833
"J28_L_20080408DKE_DG1-104_Processed","J28",2008,3.92946342437049
"J28_L_20120520KCB_JF1-182_Processed","J28",2012,4.0805644766846
"J28_L_20160225DAG_SJ1-239_Processed","J28",2016,4.2650430298578
"J30_L_20061008EEH_DG1_142_Processed","J30",2006,3.80227051943759
"J30_L_20090727EAF_DG1_064_Processed","J30",2009,3.79276904763053
"J30_L_20090727EEH_DG1-0205_Processed","J30",2009,3.59439799675241
"J31_L_20161221MAP_SJ1-345_Processed","J31",2016,3.66924386301577
"J32_L_20130601BAB_SJ1-0522_Processed","J32",2013,4.42586436412612
"J33_L_20090831DKE_DG1-432_Processed","J33",2009,3.50488350432182
"J33_L_20090917DKE_DG1-310_Processed","J33",2009,3.74990788698987
"J34_L_20100824DKE_SJ1-884_Processed","J34",2010,3.90641472705952
"J34_L_20130708DKE_SJ2-973_Processed","J34",2013,3.18620122950476
"J34_L_20151220DKE_SJ1-102_Processed","J34",2015,3.56526855034756
"J34_L_20160331DAG_SJ1-318_Processed","J34",2016,3.32742878697946
"J35_L_20011024KMJ_DG1_0019_Processed","J35",2001,4.58639836252196
"J35_L_20080706ACU_DG2-130_Processed","J35",2008,4.39305720741014
"J35_L_20090917AVG_DG1-044_Processed","J35",2009,4.48269866758737
"J35_L_20090917DKE_DG1-031_Processed","J35",2009,4.48678184458961
"J35_L_20160919KCB_SJ2-0514_Processed","J35",2016,4.65324559459613
"J35_L_20170531DKE_SJ1-0571_Processed","J35",2017,4.46063715124485
"J36_L_20070726EAF_DG1-076_Processed","J36",2007,3.49854350140736
"J36_L_20080408JWD_DG1_113_Processed","J36",2008,3.67015333805284
"J36_L_20120822KCB_SJ2-427_Processed","J36",2012,3.5074053152671
"J36_L_20130601DKE_SJ1-1534_Processed","J36",2013,3.53908333766369
"J36_L_20150111MLM_JF7-067_Processed","J36",2015,3.70731292282869
"J36_L_20180517MCJ_WV7-040_Processed","J36",2018,3.59252499505673
"J36_L_20180918DKE_SJ1-0946_Processed","J36",2018,3.72528594153131
"J37_L_20170531DKE_SJ1-0179_Processed","J37",2017,3.72062005973189
"J37_L_20180903DKE_SJ1-227_Processed","J37",2018,3.46169396162267
"J38_L_20041006ACU_DG1- 059_Processed","J38",2004,3.49627695095817
"J38_L_20080401DKE_DG1-079_Processed","J38",2008,3.56673932415141
"J38_L_20120712EEH_SJ1-056_processed","J38",2012,3.54246796495491
"J38_L_20160225DKE_SJ1-735_Processed","J38",2016,3.95037308750534
"J38_L_20180517MCJ_WV7-024_Processed","J38",2018,3.42142522793092
"J39_L_20031006DKE_DG1-068_Processed","J39",2003,3.19817882586093
"J39_L_20060726KMJ_DG2_078_Processed","J39",2006,3.88651394701714
"J39_L_20070502DKE_DG1-220_processed","J39",2007,3.68000740179296
"J39_L_20070607EAF_DG1_ (60)_Processed","J39",2007,3.79296130379113
"J39_L_20070628AVG_DG1-147_processed","J39",2007,3.70770912918737
"J39_L_20080401DKE_172_processed","J39",2008,3.51037881649526
"J39_L_20080401DKE_DG1-172_Processed","J39",2008,3.5104030976357
"J39_L_20080408JWD_DG1_055_Processed","J39",2008,3.36676584889131
"J39_L_20080509DKE_DG1-078_Processed","J39",2008,3.7045070852754
"J39_L_20080603EEH_DG1-007_processed","J39",2008,3.66505727324852
"J39_L_20120530EEH_SJ1-302_processed","J39",2012,3.88804768591546
"J39_L_20150611BAB_SJ1-032_Processed","J39",2015,4.00906752663159
"J39_L_20151024DAG_SJ1-1142_Processed","J39",2015,4.09497175938196
"J39_L_20151024DKE_SJ1-0982_processed","J39",2015,4.2506118345098
"J40_L_20051003DKE_DG1-194_processed","J40",2005,3.40380995925997
"J40_L_20051011KCB_DG1-148_processed","J40",2005,3.34604546292895
"J40_L_20090727DKE_DG1-230_Processed","J40",2009,4.20621999552338
"J40_L_20090911STJ_DG2-503_Processed","J40",2009,4.1253458249034
"J40_L_20151024DAG_SJ1-1146_Processed","J40",2015,4.3733328137038
"J41_L_20080401DKE_DG1-063_Processed","J41",2008,3.97187536620472
"J41_L_20101016DKE_SJ1-877_Processed","J41",2010,3.92073442816109
"J41_L_20130605BAB_SJ2-1075_Processed","J41",2013,4.24230115112812
"J41_L_20170507DAG_JF1-059_Processed","J41",2017,4.19700087295987
"J42_L_20070502DKE_DG1-063_processed","J42",2007,3.70963612404523
"J42_L_20080408DKE_DG1-054 (1)_Processed","J42",2008,3.23682708484251
"J42_L_20080408DKE_DG1-196_Processed","J42",2008,3.19276710096879
"J42_L_20080621KCB_DG3_137_processed","J42",2008,3.17140962781603
"J42_L_20080621KCB_DG3_154_Processed","J42",2008,3.29520604123387
"J42_L_20080827KCB_DG1-773_Processed","J42",2008,3.62933169169149
"J42_L_20080908AVG_DG1_130_Processed","J42",2008,3.23694151570315
"J42_L_20100606KCB_DG4-302_Processed","J42",2010,3.4512409234192
"J42_L_20120520KCB_JF1-160_Processed","J42",2012,3.74651782432511
"J42_L_20120917DKE_SJ1-003_processed","J42",2012,3.39270066015995
"J42_L_20130110DKE_JF5-096_processed","J42",2013,3.47787678100919
"J42_L_20150415DKE_SJ1-0845_processed","J42",2015,3.56348880577699
"J42_L_20150922DKE_SJ1-525_Processed","J42",2015,3.61879791379361
"J42_L_20151201KCB_SJ2-064_processed","J42",2015,4.13474687739028
"J42_L_20170513MLM_JF7-092_processed","J42",2017,3.68884095504317
"J43_L_20070907NWF-094_Processed","J43",2007,4.04995907817943
"J44_L_20090727DKE_DG1-242_Processed","J44",2009,3.52451146893155
"J44_L_20090905MMR_DG1-124_Processed","J44",2009,3.86312993746454
"J44_L_20100606KCB_DG4-217_Processed","J44",2010,3.9272268974896
"J44_L_20170513KCB_JF1-052_Processed","J44",2017,4.37943532836057
"J45_L_20090718EEH_DG1-190_processed","J45",2009,3.2182315112075
"J45_L_20090911AVG_DG2-180_Processed","J45",2009,3.57650516401376
"J45_L_20110928DKE_SJ1-582_Processed","J45",2011,3.32004222511997
"J45_L_20130530BAB_SJ1-335_processed","J45",2013,3.64588514210449
"J45_L_20130601DKE_SJ1-1213_Processed","J45",2013,3.52166903786685
"J45_L_20130601DKE_SJ1-1240_Processed","J45",2013,3.50329172150611
"J46_L_20091112JWD_DG1_142_processed","J46",2009,3.10758041773759
"J46_L_20100129DKE_DG4-220_Processed","J46",2010,2.91001794470568
"J46_L_20100129KCB_DG4-1653_processed","J46",2010,2.92660131998686
"J46_L_20120809EEH_SJ2-388_Processed","J46",2012,3.57614900179571
"J46_L_20141212KCB_JF1-0051_Processed","J46",2014,3.40740819022764
"J47_L_20141224MAP_SJ1-883_Processed","J47",2014,4.08788370489504
"J47_L_20160708KCB_JF1-0307_Processed","J47",2016,3.91512779498173
"J48_L_20111217CKE_PS7-0231_Processed","J48",2011,3.6409492593484
"J49_L_20120807BAB_GI1-044_Processed","J49",2012,3.49136645708182
"J49_L_20120807DKE_GI1-150_Processed","J49",2012,3.53490542405968
"J49_L_20120807SAM_GI1-113_Processed","J49",2012,3.58284259969818
"J49_L_20120822KCB_SJ2-030_Processed","J49",2012,3.38587876715863
"J49_L_20120822KCB_SJ2-044_processed","J49",2012,3.90298450802727
"J49_L_20120826DKE_SJ1-0070_Processed","J49",2012,3.52892946215279
"J49_L_20120826SAM_SJ1-1089_Processed","J49",2012,3.59785174643176
"J49_L_20130515DKE_JF1-624_Processed","J49",2013,3.09771065350382
"J49_L_20130528DKE_JF1-718_Processed","J49",2013,3.53424739755689
"J49_L_20130811JCH_SJ1-0187","J49",2013,2.99015937930779
"J49_L_20140603DKE_SJ1-0214_Processed","J49",2014,3.70231650514551
"J49_L_20150212DKE_SJ1-354_Processed","J49",2015,3.78161642067858
"J49_L_20150522BAB_GI1-0413_Processed","J49",2015,3.43224569308811
"J49_L_20150522DKE_GI1-405_Processed","J49",2015,3.58566063396841
"J49_L_20150522DKE_GI1-406_Processed","J49",2015,3.33491250646906
"J49_L_20150611BAB_SJ1-075_Processed","J49",2015,3.65286817389821
"J49_L_20150723SAM_SJ1-1120_Processed","J49",2015,3.69184899275677
"J49_L_20151201DAG_SJ1-0244_Processed","J49",2015,3.87180906534541
"J49_L_20151201DKE_SJ1-467_Processed","J49",2015,3.83314669203189
"J49_L_20160417KCB_GI2-070_Processed","J49",2016,3.7533095259902
"J49_L_20161221DKE_SJ1-502_Processed","J49",2016,3.54635427379129
"J50_L_20150107JMC_GS7-277_Processed","J50",2015,3.55054498378213
"J50_L_20150119DKE_SJ1-630 (2)_Processed","J50",2015,3.33927916614195
"J50_L_20150621DKE_SJ2-529_Processed","J50",2015,3.65715025072852
"J50_L_20150806DKE_SJ1-0829_Processed","J50",2015,3.72098659980761
"J50_L_20150922DKE_SJ1-548_Processed","J50",2015,3.22039167946057
"J50_L_20150922EEH_SJ1-216_Processed","J50",2015,3.46073263907704
"J50_L_20160225DKE_SJ1-398_Processed","J50",2016,3.44755584593219
"J50_L_20160225DKE_SJ1-399_Processed","J50",2016,3.55884463361407
"J50_L_20160225DKE_SJ1-446 (1)_Processed","J50",2016,3.46583923845007
"J50_L_20160225DKE_SJ1-447_Processed","J50",2016,3.4866180251857
"J50_L_20160425KCB_SJ2-092_Processed","J50",2016,3.13865048229534
"J50_L_20170109DKE_SJ1-051_Processed","J50",2017,3.61973722573005
"J50_L_20170507DKE_JF1-322_Processed","J50",2017,3.62567490972977
"J50_L_20170531DKE_SJ1-0260_Processed","J50",2017,3.5908681161089
"J50_L_20180202DKE_SJ1-266_Processed","J50",2018,3.77971986198433
"J50_L_20180202DKE_SJ1-310_Processed","J50",2018,3.71051260775288
"J51_L_20150219DKE_GI1-469_Processed","J51",2015,3.6683241901419
"J51_L_20150219DKE_GI1-480_Processed","J51",2015,3.85339311479756
"J51_L_20150324DKE_SJ1-525_Processed","J51",2015,3.53069621668612
"J51_L_20150324DKE_SJ1-556_Processed","J51",2015,3.44068539091382
"J51_L_20150415DKE_SJ1-0438_Processed","J51",2015,3.33587781432764
"J51_L_20150415DKE_SJ1-0476_Processed","J51",2015,3.33311785090308
"J51_L_20150705DKE_SJ1-1484_Processed","J51",2015,3.56648832326475
"J51_L_20150723DKE_SJ1-1050_Processed","J51",2015,3.7171848126715
"J51_L_20150806DKE_SJ1-0550_Processed","J51",2015,3.71982377290937
"J51_L_20151024DKE_SJ1-1413_Processed","J51",2015,3.52322032640942
"J51_L_20160102DKE_SJ1-130_Processed","J51",2016,3.54527583538696
"J51_L_20160102DKE_SJ1-181_Processed","J51",2016,3.56884449107555
"J51_L_20160102DKE_SJ1-226_Processed","J51",2016,3.47660453671273
"J51_L_20160320MLM_JF7-138_Processed","J51",2016,3.77715219542767
"J51_L_20160707KCB_SJ1-0198_Processed","J51",2016,3.2396670656825
"J51_L_20160707KCB_SJ1-0203 (1)_Processed","J51",2016,3.7067549738832
"J51_L_20170513KCB_JF1-084_Processed","J51",2017,3.40968776685628
"J51_L_20170531DKE_SJ1-0190_Processed","J51",2017,3.81671268298253
"J51_L_20170531DKE_SJ1-0588_Processed","J51",2017,3.76625827325029
"J51_L_20180202DKE_SJ1-093_Processed","J51",2018,3.80781681138753
"J51_L_20180202MAP_SJ1-0262_Processed","J51",2018,3.67342975095646
"J51_L_20180615MNW_SJ1-311_Processed","J51",2018,3.96641223398455
"J52_L_20150330JCH_GS7-0748_Processed","J52",2015,3.13191773971478
"J52_L_20150330JCH_GS7-0856_Processed","J52",2015,3.30759424318866
"J52_L_20150407DKE_SJ1-565_Processed","J52",2015,3.19122555210282
"J52_L_20150621DKE_SJ2-534_Processed","J52",2015,2.83651739930102
"J52_L_20150914KCB_SJ2-334_Processed","J52",2015,2.87473491324151
"J52_L_20160225DKE_SJ1-405_Processed","J52",2016,2.86458308990295
"J52_L_20160225DKE_SJ1-406_Processed","J52",2016,2.86054526397538
"J52_L_20160225DKE_SJ1-422_Processed","J52",2016,2.91435242512627
"J52_L_20160225DKE_SJ1-423_Processed","J52",2016,2.8726612057341
"J52_L_20160320KCB_SJ1-051_Processed","J52",2016,3.10589447598192
"J52_L_20160414MLM_JF7-027_Processed","J52",2016,3.14467048570918
"J52_L_20160503DKE_SJ2-095_Processed","J52",2016,2.7887953334057
"J52_L_20160513DAG_SJ5-121_Processed","J52",2016,3.10100653960499
"J52_L_20161002KCB_JF1-088_Processed","J52",2016,2.96370642819043
"J52_L_20161002KCB_JF1-123_Processed","J52",2016,3.03175644418173
"J52_L_20161221DKE_SJ1-092_Processed","J52",2016,2.91823009911395
"J52_L_20170531DKE_SJ1-0633_Processed","J52",2017,2.9062945152756
"J53_L_20151220DKE_SJ1-453_Processed","J53",2015,3.67269519831007
"J53_L_20160312DAG_SJ1-039_Processed","J53",2016,3.81427024056286
"J53_L_20160312DKE_SJ1-047_Processed","J53",2016,3.81735069185978
"J53_L_20160331DAG_SJ1-227_Processed","J53",2016,3.73636264076961
"J53_L_20160708KCB_JF1-0299_Processed","J53",2016,3.21365853631681
"J53_L_20160708KCB_JF1-0366_Processed","J53",2016,3.69460997436815
"J53_L_20160919KCB_SJ2-1431_Processed","J53",2016,3.81971620056158
"J53_L_20160919KCB_SJ2-1500_Processed","J5",2016,3.95910827787151
"J53_L_20170513KCB_JF1-054_Processed","J5",2017,4.04145624612456
"J53_L_20180331DKE_SJ1-458_Processed","J53",2018,3.59973726285947
"J53_L_20180721SCE_JF7-002_Processed","J53",2018,2.89527180652689
"J53_L_20180912AVG_SJ1-082_Processed","J53",2018,3.83848753486194
"J53_L_20180912DKE_SJ1-0319_Processed","J53",2018,3.9335877749538
"J54_L_20160324MLM_GI7-023_Processed","J54",2016,3.12455238365243
"J54_L_20160331DAG_SJ1-035_Processed","J54",2016,3.2628355877585
"J54_L_20160331DKE_SJ1-036_Processed","J54",2016,3.20951613471045
"K13_L_20150914HLM_SJ2-600_Processed","K13",2015,3.96241922714438
"K14_L_20120831BAB_SJ1-0154_Processed","K14",2012,3.36293506616953
"K14_L_20121023DKE_SJ2-042_Processed","K14",2012,3.58687696777201
"K14_L_20140702DKE_SJ1-336_Processed","K14",2014,3.58816756218722
"K14_L_20160102DKE_SJ1-271_Processed","K14",2016,3.18452829820736
"K14_L_20160102HLM_SJ1-205_Processed","K14",2016,3.42845247358261
"K20_L_20080730DKE_DG1-125_Processed","K20",2008,3.60665948999127
"K20_L_20130115JKJ_CA7-0316_Processed","K20",2013,3.40978615391917
"K25_L_20100824DKE_SJ1-721_Processed","K25",2010,3.26734558401438
"K25_L_20180921MLM_JF7-6928_Processed","K25",2018,3.31337069399066
"K26_L_20080706KCG_DG1-043_Processed","K26",2008,3.80577592657898
"K26_L_20150806MAP_SJ1-1153_Processed","K26",2015,3.775250144346
"K26_L_20180702SCE_JF7-010_Processed","K26",2018,3.71598172922294
"K27_L_20120813DKE_SJ2-1036_Processed","K27",2012,3.66657653096102
"K27_L_20120813DKE_SJ2-1037_Processed","K27",2012,3.50997924720748
"K27_L_20150914KCB_SJ2-510_Processed","K27",2015,3.53474894297258
"K33_L_20040927ACU_DG1- 159_Processed","K33",2004,3.36326922889858
"K33_L_20080918DKE_DG1-045_Processed","K33",2008,3.23452957790943
"K33_L_20160606DKE_SJ2-765_Processed","K33",2016,3.15784521973154
"K33_L_20160907DKE_SJ1-1190_Processed","K33",2016,3.23956399336291
"K34_L_20140818KCB_SJ1-283_Processed","K34",2014,3.59350519035606
"K34_L_20180915DKE_SJ1-020_Processed","K34",2018,3.45335787262633
"K35_L_20040711KCG_DG1-040_Processed","K35",2004,3.6588741901715
"K35_L_20090702KCB_DG1-771_Processed","K35",2009,3.76050078081817
"K35_L_20110826EEH_SJ1-142_Processed","K35",2011,4.19518297513194
"K35_L_20180712DKE_SJ1-1015_Processed","K35",2018,3.53756177057375
"K36_L_20080621SAM_DG1_083_Processed","K36",2008,3.81801441493154
"K37_L_20040711ACU_DG1-074_Processed","K37",2004,3.19727840067328
"K37_L_20060919DKE_DG1-203_Processed","K37",2006,3.38383370042526
"K37_L_20160820DKE_SJ1-1029_Processed","K37",2016,3.42895321212153
"K40_L_20100824DKE_SJ1-862_Processed","K40",2010,3.31648492684438
"K42_L_20080730DKE_DG1-066_Processed","K42",2008,3.17783157664511
"K42_L_20080730KCG_DG1-077_Processed","K42",2008,3.21973621593772
"K42_L_20090206BRG_DG9-0062_Processed","K42",2009,3.39657046624657
"K42_L_20090917AVG_DG1-081_Processed","K42",2009,3.14736318160756
"K42_L_20110617KCB_JF4-133_Processed","K42",2011,3.40335524911989
"K42_L_20150822DKE_SJ1-0438_Processed","K42",2015,3.396941297859
"K43_L_20100608DKE_DG4-109_Processed","K43",2010,3.12409795608484
"K43_L_20100608EAF_DG4-033_Processed","K43",2010,3.13495453028611
"K43_L_20100608KCB_DG4-0067_Processed","K43",2010,3.08428587369635
"K43_L_20120530DKE_SJ1-411_Processed","K43",2012,3.69386233981115
"K43_L_20120813SAM_SJ2-0778_Processed","K43",2012,3.53954688012305
"K43_L_20161021KCB_JF1-103_Processed","K43",2016,3.64444165430135
"K44_L_20110707AVG_SJ2-270_Processed","K44",2011,2.88442857582489
"K44_L_20110710STJ_SJ1-536_Processed","K44",2011,3.21274609494456
"K44_L_20110719KCB_SJ1-079_Processed","K44",2011,3.13550006133714
"K44_L_20110806KCB_SJ1-0082_Processed","K44",2011,2.84097349285237
"K44_L_20110806KCB_SJ1-0086_Processed","K44",2011,3.07714445698053
"K44_L_20110806KCB_SJ1-0113_Processed","K44",2011,3.02748126355044
"K44_L_20120822DKE_SJ1-395_Processed","K44",2012,2.96094656870784
"K44_L_20121003KCB_SJ2-412_Processed","K44",2012,3.303141067327
"K44_L_20141018DKE_JF1-014_Processed","K44",2014,3.31448859712959
"L100_L_20031024DKE_DG1-286_Processed","L10",2003,3.38324429345803
"L100_L_20100723ROL_SJ2-423_Processed","L10",2010,3.46888094715567
"L100_L_20130617BAB_JF1-1375_Processed","L10",2013,3.85571436588819
"L101_L_20031024KCB_DG1-289_Processed","L10",2003,3.05696106071856
"L103_L_20110825DKE_SJ1-296_Processed","L10",2011,3.45075692310307
"L103_L_20120529BAB_JF1-0625_Processed","L10",2012,3.91233369753767
"L103_L_20130811JCH_SJ1-0536_Processed","L10",2013,3.57566427779211
"L103_L_20140126CAN_OR7-2445_Processed","L103",2014,3.48331649222433
"L104_L_20041020ACU_DG1- 205_Processed","L104",2004,3.65598291179656
"L105_L_20070928DKE_DG1-402_Processed","L105",2007,3.22618883051581
"L106_L_20070628DKE_DG1-096_Processed","L106",2007,3.2715794422776
"L106_L_20100525EAF_DG1_062_Processed","L106",2010,3.06547166580674
"L106_L_20170612MLM_JF1-0733_Processed","L106",2017,3.31351671753485
"L106_L_20170617DKE_SJ1-042_Processed","L106",2017,3.22921421064921
"L108_L_20070703DKE_DG1-003_Processed","L108",2007,3.33700619473105
"L108_L_20090728DKE_DG1-260_Processed","L108",2009,3.27912327619167
"L108_L_20121003DKE_SJ1-541_Processed","L108",2012,3.62518810394605
"L108_L_20130201JRT_GI7-008_Processed","L108",2013,3.50577241137573
"L109_L_20070703DKE_DG1-076_Processed","L109",2007,3.22474602532465
"L109_L_20070703EAF_DG1-054_Processed","L109",2007,3.18066297642936
"L109_L_20090925DKE_DG1-285_Processed","L109",2009,3.31699631765673
"L109_L_20100525EAF_DG1_032_Processed","L109",2010,3.46568386194437
"L109_L_20110804DKE_SJ2-0519_Processed","L109",2011,3.46629473838632
"L109_L_20110804KCB_JF1-450_Processed","L109",2011,3.74119490241183
"L109_L_20170617DKE_SJ1-321_Processed","L109",2017,3.55035258097275
"L110_L_20110617MLM_JF4-029_Processed","L110",2011,3.63198737356936
"L110_L_20140619DKE_SJ1-0814_Processed","L110",2014,3.56846313952131
"L110_L_20140619EEH_SJ1-560_Processed","L110",2014,3.61844198785891
"L110_L_20150609BAB_SJ2-179_Processed","L110",2015,3.72181935852853
"L111_L_20080812DKE_DG1-038_Processed","L111",2008,3.63699140570757
"L111_L_20080821DKE_DG1-038_Processed","L111",2008,3.81833015802825
"L112_L_20090220OTH_DG7-9693_Processed","L112",2009,3.00639006057295
"L112_L_20090709BRG_DG7-4000_Processed","L112",2009,3.24532256238836
"L112_L_20090831SAM_DG1-406_Processed","L112",2009,3.15994194338844
"L112_L_20110710BAB_SJ2-0148_Processed","L112",2011,3.05666859463281
"L113_L_20100729MLM_SJ7-007_Processed","L113",2010,3.24176083820516
"L113_L_20120625MLM_SJ7-009_Processed","L113",2012,3.82358982167855
"L113_L_20130602DKE_SJ2-174_Processed","L113",2013,3.63098879258291
"L113_L_20150613DKE_JF1-1343_Processed","L113",2015,3.6530576584648
"L115_L_20100813KCB_JF2-1073_processed","L115",2010,2.83432154935154
"L115_L_20100813KCB_JF2-1101_processed","L115",2010,2.94597057654176
"L115_L_20100916KCB_JF1-0097_processed","L115",2010,3.25236504016451
"L115_L_20110920DKE_SJ1-334_processed","L115",2011,3.49818157298818
"L115_L_20140623DKE_SJ1-150_processed","L115",2014,3.57548161600296
"L115_L_20150613BAB_JF1-0601_processed","L115",2015,3.68186595775803
"L115_L_20160907DKE_SJ1-0970_Processed","L115",2016,3.52703188842296
"L116_L_20101102DKE_SJ1-774_processed","L116",2010,3.05172387260949
"L116_L_20101102DKE_SJ1-826_processed","L116",2010,3.11032765078696
"L116_L_20110710KCB_SJ2-029_processed","L116",2011,3.15583956745613
"L116_L_20110804DKE_SJ2-0498_processed","L116",2011,3.45290480100624
"L116_L_20110804EAF_SJ2-099_processed","L116",2011,3.24867072965087
"L116_L_20110804EAF_SJ2-164_processed","L116",2011,3.56030330071625
"L116_L_20130903DKE_SJ1-079_Processed","L116",2013,3.48751389497052
"L116_L_20141018DKE_JF1-173_Processed","L116",2014,3.43110316799059
"L117_L_20101206DKE_SJ5-292_processed","L117",2010,3.34517531637571
"L117_L_20101206DKE_SJ5-306_processed","L117",2010,3.13919182136482
"L117_L_20110806KCB_SJ1-0255_processed","L117",2011,3.11569371166787
"L117_L_20110806KCB_SJ1-0256_processed","L117",2011,3.04278632733888
"L117_L_20110816DKE_SJ2-812_processed","L117",2011,3.02061254599055
"L117_L_20110920DKE_SJ1-428_Processed","L117",2011,3.2218242284921
"L117_L_20120529BAB_JF1-0621_Processed","L117",2012,3.27995422695335
"L117_L_20130618DKE_SJ1-140_processed","L117",2013,3.31047365778456
"L117_L_20141117DKE_SJ2-361_Processed","L117",2014,3.5201489832196
"L118_L_20110617MLM_JF4-085_Processed","L118",2011,2.9708957688114
"L118_L_20120529DKE_JF1-0781_Processed","L118",2012,3.33773178236031
"L118_L_20140623DKE_SJ1-224_Processed","L118",2014,3.75526405645728
"L118_L_20140623DKE_SJ1-329_Processed","L118",2014,3.02710808156091
"L118_L_20141020EEH_SJ1-0362_Processed","L118",2014,3.16908742590395
"L119_L_20120529BAB_JF1-0549_Processed","L119",2012,3.11987360672324
"L119_L_20120529DKE_JF1-0710_Processed","L119",2012,3.15276936603136
"L119_L_20120607JRT_JS7-171_Processed","L119",2012,2.90272958717101
"L119_L_20120618MLM_JF7-059_Processed","L119",2012,2.9880399154821
"L119_L_20120625AVG_SJ1-148_Processed","L119",2012,2.98739569932942
"L119_L_20120625AVG_SJ1-168_'processed","L119",2012,3.07847882335355
"L119_L_20120625DKE_SJ1-336_processed","L119",2012,3.12806024480905
"L119_L_20120827BAB_SJ1-043_processed","L119",2012,2.89380427863187
"L119_L_20120906DKE_SJ3-062_Processed","L119",2012,2.84543605200371
"L119_L_20130601BAB_SJ1-1208_Processed","L11",2013,3.06433310255222
"L119_L_20130601DKE_SJ1-1530_Processed","L119",2013,3.10276977914902
"L119_L_20130602DKE_SJ2-156_Processed","L119",2013,3.11147828806484
"L119_L_20150613DKE_JF1-1361_Processed","L119",2015,3.10963257357244
"L121_L_20150226CKE_WA7-064_Processed","L121",2015,3.09308735314348
"L121_L_20150226CKE_WA7-065_Processed","L121",2015,2.98078861267903
"L121_L_20150226CKE_WA7-132_Processed","L121",2015,2.77182893245476
"L121_L_20150226CKE_WA7-217_Processed","L121",2015,3.03036865645918
"L121_L_20150613KCB_JF2-0160_Processed","L121",2015,3.08335275165565
"L121_L_20160714DKE_SJ1-957_Processed","L121",2016,3.13251926496941
"L121_L_20160919KCB_SJ2-1316_Processed","L121",2016,3.29991305870304
"L121_L_20160925DKE_GI1-1092_Processed","L121",2016,3.350583480195
"L121_L_20180903DKE_SJ1-1313_Processed","L121",2018,3.23753601083075
"L122_L_20150907DKE_SJ1-0348_Processed","L122",2015,3.77110246746297
"L122_L_20150907DKE_SJ1-0353_Processed","L122",2015,3.67931236880462
"L122_L_20150907MAP_SJ1-063_Processed","L122",2015,3.84582883854235
"L122_L_20150907MAP_SJ1-311_Processed","L122",2015,3.75697223919533
"L122_L_20150907MAP_SJ1-316_Processed","L122",2015,3.80929782662744
"L122_L_20160603DAG_JF1-011_Processed","L122",2016,3.30077195268272
"L122_L_20160820DKE_SJ1-0540_processed (1)","L122",2016,3.55198580904497
"L122_L_20160820DKE_SJ1-0540_Processed","L122",2016,3.58389655822361
"L122_L_20160919KCB_SJ2-1085_processed (1)","L122",2016,3.72161183894975
"L122_L_20160919KCB_SJ2-1085_Processed","L122",2016,3.70913001841341
"L122_L_20170617DKE_SJ1-433_Processed","L122",2017,3.5241319363281
"L122_L_20180213GSS_WA7-039_processed (1)","L122",2018,3.94211346829718
"L122_L_20180213GSS_WA7-039_Processed","L122",2018,3.93783953176555
"L123-L_20160926KCB_JF1-0659_Processed","L123",1609,3.33256899124877
"L123_L_20160603DAG_JF1-205_processed","L123",2016,3.13379436748658
"L123_L_20160603DKE_JF1-216_processed (1)","L123",2016,3.17830534358271
"L123_L_20160603DKE_JF1-216_Processed","L123",2016,3.17803338138929
"L123_L_20160926KCB_JF1-0648_processed (1)","L123",2016,3.34876000353057
"L123_L_20160926KCB_JF1-0648_Processed","L123",2016,3.36571812003884
"L123_L_20180912DKE_SJ1-0609_processed (1)","L123",2018,3.43210028507488
"L123_L_20180912DKE_SJ1-0609_Processed","L123",2018,3.43148086185236
"L123_L_20180912DKE_SJ1-1540_processed (1)","L123",2018,3.41504030165433
"L123_L_20180912DKE_SJ1-1540_Processed","L123",2018,3.41550771306934
"L21_L_20070324MontereyMIJ_099_processed","L21_",2007,3.3486571231047
"L21_L_20070819DKE_DG1-278_Processed","L21_",2007,3.27692235867364
"L22_L_20080627KCB_DG1-493_Processed","L2",2008,4.13240311586607
"L22_L_20160925DKE_GI1-1136_processed","L2",2016,4.13578175749213
"L25_L_20070928DKE_DG1-387_Processed","L25",2007,3.89453695841119
"L25_L_20120906BAB_SJ4-166_Processed","L25",2012,4.02254451600969
"L25_L_20130602BAB_SJ2-051_processed","L25",2013,4.19569456783112
"L25_L_20130602BAB_SJ2-093_processed","L25",2013,4.21651630815438
"L25_L_20130602DKE_SJ2-165_processed","L25",2013,4.28401394636378
"L26_L_20070324MontereyMIJ_022_Processed","L26",2007,3.58124646526626
"L26_L_20070720DKE_DG1-198_processed","L26",2007,3.63542623073147
"L27_L_20090823BGE_DG7-0472_Processed","L27",2009,3.5844740874571
"L41_L_20080710MLM_DG7-006_Processed (1)","L41",2008,3.36157452338393
"L41_L_20080710MLM_DG7-006_Processed","L41",2008,3.3597520283907
"L41_L_20100616KCB_DG0-528_Processed (1)","L41",2010,3.54677114107791
"L41_L_20100616KCB_DG0-528_Processed","L41",2010,3.53194121931385
"L41_L_20100616KCB_DG0-529_Processed","L41",2010,3.52874760474577
"L47_L_20070703DKE_DG1-326_processed","L47",2007,3.80171458430523
"L47_L_20090823BGE_DG7-0472_processed","L47",2009,3.70407842660132
"L47_L_20140619EEH_SJ1-557_Processed","L47",2014,4.11389524737728
"L47_L_20170612DKE_JF2-831_processed","L47",2017,3.67396256387982
"L5_L_20080821DKE_DG1-078_processed","L5_",2008,3.94075911529411
"L5_L_20080911DKE_DG1-273_processed","L5_",2008,4.12144471713306
"L5_L_20080911STJ_DG1-347_Processed","L5_",2008,3.98169185497645
"L5_L_20100908BAT_SJ2-150_processed","L5_",2010,4.22198703327232
"L5_L_20101206DKE_SJ5-329_Processed","L5_",2010,3.84303796214666
"L5_L_20110804DKE_SJ2-1035_processed","L5_",2011,4.33818543795417
"L53_L_20091007DKE_DG1-209_processed","L53",2009,3.40217242809461
"L53_L_20110710STJ_SJ1-486_Processed","L53",2011,3.84320433904009
"L53_L_20110805DKE_SJ2-365_processed","L53",2011,4.058927996177
"L53_L_20130303CKE_WA7-305_processed","L53",2013,3.75629763616251
"L54_L_20080827KCB_DG1-331_processed","L54",2008,3.46941571631877
"L54_L_20110826JWD_SJ1-0366_processed","L54",2011,3.85029935583413
"L54_L_20120529BAB_JF1-0619_processed","L54",2012,3.99379047822484
"L54_L_20140819DKE_SJ1-014_processed","L54",2014,3.59749335433762
"L54_L_20160919KCB_SJ2-0432_Processed","L54",2016,3.84428053999238
"L55_L_20080823CES_DG1-020_processed","L55",2008,3.41657547148315
"L55_L_20130605BAB_SJ2-0371_Processed","L55",2013,3.69585565411978
"L55_L_20130605KCB_SJ2-305_processed","L55",2013,3.76264069734483
"L57_L_20080831JWD_DG1_195_Processed","L57",2008,3.33271326404391
"L73_L_20080911DKE_DG1-223_Processed","L73",2008,3.03936185455189
"L73_L_20080911DKE_DG1-224_processed","L73",2008,3.13594535448208
"L74_L_20040802EAF_DG1-019_processed","L74",2004,2.93552165519968
"L74_L_20080911AVG_DG1-126_Processed","L74",2008,3.09746385064684
"L74_L_20090827DKE_DG2-377_processed","L74",2009,2.97968707730309
"L77_L_20070928DKE_DG1-387_Processed (1)","L77",2007,3.59731821445316
"L77_L_20070928DKE_DG1-387_processed","L77",2007,3.89064281853164
"L77_R_20070928DKE_DG1-387_processed","L77",2007,3.89016813842177
"L78_L_20051006KMJ_DG2-024_Processed","L78",2005,2.9953545271317
"L79_L_20100725DKE_SJ2-046_processed","L79",2010,3.53046825788907
"L79_L_20110807DKE_SJ2-039_Processed","L79",2011,3.63677924997265
"L79_L_20130302CKE_WA7-147_Processed","L79",2013,3.56184244698494
"L79_L_20130601DKE_SJ1-1479_Processed","L79",2013,3.57667079352483
"L82_L_20071020DKE_DG1-248_Processed","L82",2007,3.24531564596034
"L82_L_20090920BRG_DG7-1622_Processed","L82",2009,2.86041519175393
"L82_L_20101206DKE_SJ5-390_Processed","L82",2010,3.18120575729276
"L83_L_20080812DKE_DG1-016_Processed","L83",2008,3.81682816618675
"L83_L_20100627AVG_SJ1-181_Processes","L83",2010,4.08904293191818
"L83_L_20100804KCB_SJ2-062_Processed","L83",2010,4.05707203608637
"L83_L_20180912DKE_SJ1-0744_Processed","L83",2018,4.0681098901873
"L84_L_20130925DKE_SJ1-131_Processed","L84",2013,3.40921844125159
"L84_L_20181201MLM_JF1-0854_Processed","L84",2018,3.43831392013337
"L85_L_20090827KCB_DG1-362_Processed","L85",2009,3.15725540907781
"L86_L_20080613SAM_DG1_282_Processed","L86",2008,2.75112091165449
"L86_L_20090831SAM_DG1-405_Processed","L86",2009,3.32817195729796
"L86_L_20160906KCB_JF1-0705_Processed","L86",2016,3.2838958972035
"L86_L_20170612MLM_JF1-0731_Processed","L86",2017,3.4964817566974
"L87_L_20061023KCB_DG1-042_processed","L87",2006,4.03560174206488
"L87_L_20071216_121607- Brad Hanson Foraging Pictures (53 of 136)_Processed","L87",2007,4.18674864119229
"L87_L_20080621EEH_DG1_119_Processed","L87",2008,4.10954554381945
"L87_L_20090914DKE_DG1-053_Processed","L87",2009,4.06460570306348
"L87_L_20090920AVG_DG1-012_Processed","L87",2009,3.29828744711274
"L87_L_20110729EAF_SJ1_009_processed","L87",2011,3.91472841183317
"L87_L_20110729KCB_SJ1-022_Processed","L87",2011,4.02288723453073
"L87_L_20120619BAB_SJ1-034_Processed","L87",2012,3.42215611886738
"L87_L_20130515DKE_JF1-636_Processed","L87",2013,3.51782292637412
"L87_L_20130530DKE_SJ1-119_Processed","L87",2013,3.3033626154123
"L87_L_20130601EEH_SJ1-466_Processed","L87",2013,4.05697277111198
"L87_L_20130601KCB_SJ1-0402_Processed","L87",2013,4.08723235786338
"L87_L_20151216DKE_SJ1-671_Processed","L87",2015,4.1516548583687
"L88_L_20130925DKE_SJ1-091 (1)_Processed","L88",2013,3.12334467065365
"L88_L_20130925DKE_SJ1-091_Processed","L88",2013,3.1232923964158
"L89_L_20090914DKE_DG1-061_processed","L89",2009,3.76051264159844
"L89_L_20090914STJ_DG1-144_Processed","L89",2009,3.79385542614233
"L89_L_20110710DKE_SJ1-767_Processed","L89",2011,4.01239586412247
"L90_L_20110903DKE_SJ1-590_processed","L90",2011,3.74528559251317
"L91_L_20110903KCB_SJ2-269_Processed (1)","L91",2011,3.53010391133053
"L91_L_20110903KCB_SJ2-269_processed","L91",2011,3.54915368047604
"L92_L_20150705DKE_SJ1-1531_processed","L9",2015,4.08396245186477
"L92_L_20150705DKE_SJ1-1532_Processed","L92",2015,4.11956486452593
"L92_L_20160907DKE_SJ1-0911_Processed","L92",2016,3.47324558457814
"L92_L_20160920DKE_SJ1-0380_processed","L92",2016,4.41620660392817
"L94_L_20110911DKE_SJ1-549_processed","L94",2011,3.23846349903473
"L94_L_20130601BAB_SJ1-1265_Processed","L94",2013,3.75059476220004
"L94_L_20140603DKE_SJ1-0517_processed","L94",2014,3.74110268282963
"L94_L_20150613DKE_JF1-1243_Processed","L94",2015,3.46546218765803
"L95_L_20130629DKE_SJ1-474_processed (1)","L95",2013,5.10553265971611
"L95_L_20130629DKE_SJ1-474_Processed","L95",2013,5.08106155069886
"L95_L_20150603BAB_SJ1-001_Processed","L95",2015,4.27817222708081
